-- phpMyAdmin SQL Dump
-- version 4.6.6
-- https://www.phpmyadmin.net/
--
-- Host: localhost
-- Generation Time: Jan 10, 2023 at 06:35 AM
-- Server version: 5.7.17-log
-- PHP Version: 5.6.30

SET SQL_MODE = "NO_AUTO_VALUE_ON_ZERO";
SET time_zone = "+00:00";


/*!40101 SET @OLD_CHARACTER_SET_CLIENT=@@CHARACTER_SET_CLIENT */;
/*!40101 SET @OLD_CHARACTER_SET_RESULTS=@@CHARACTER_SET_RESULTS */;
/*!40101 SET @OLD_COLLATION_CONNECTION=@@COLLATION_CONNECTION */;
/*!40101 SET NAMES utf8mb4 */;

--
-- Database: `fasss`
--

-- --------------------------------------------------------

--
-- Table structure for table `customer`
--

CREATE TABLE `customer` (
  `cst_id` int(7) NOT NULL,
  `cst_name` varchar(200) NOT NULL,
  `cst_ad` varchar(250) NOT NULL,
  `cst_tell` varchar(10) NOT NULL
) ENGINE=InnoDB DEFAULT CHARSET=utf8;

--
-- Dumping data for table `customer`
--

INSERT INTO `customer` (`cst_id`, `cst_name`, `cst_ad`, `cst_tell`) VALUES
(1, 'JOSHUA', 'Brave Chile', '0123456789'),
(2, 'ไข่ปิ้ง', '124/17 ซ.หนึ่งสอง อ.เมือง ขอนแก่น', '0998765432'),
(3, 'ไข่ต้ม', '136/121 ซ.หนึ่งสาม อ.เมือง จ.ขอนแก่น', '0987890543'),
(4, 'ไข่เจียว', '134/1 ซ.หนึ่งสาม อ.เมือง จ.ขอนแก่น', '0948950205'),
(5, 'ไข่ดาว', '131/65 ซ.หนึ่งสาม อ.เมือง จ.ขอนแก่น', '0999886437'),
(6, 'อาดัม', '111/1 ถ.สวน ซ.เอเดน จ.เวิล์ด', '0911122334'),
(7, 'เอวา', '111/1 ถ.สวน ซ.เอเดน จ.เวิล์ด', '0943322111'),
(8, 'โนอาห์', '546 ถ.เรือ ซ.อาร์ค จ.เวิล์ด', '0946739202'),
(9, 'อับราฮัม', '432/1 ถ.คนเดิน อ.เมือง จ.เวิล์ด', '0938768905'),
(10, 'โมเสส', '3213 ถ.ทะเล อ.เมือง จ.เวิล์ด', '0964954565'),
(11, 'ซัมบอดี้', '3211 ถ.เซย์ ซ.สามสอง อ.เมือง จ.ขอนแก่น', '0996439682'),
(12, 'โนบอดี้', '435/2 ถ.เซย์ ซ.สี่สาม อ.เมือง จ.ขอนแก่น', '0854503244'),
(13, 'ซี', '125/544 ถ.เซย์ ซ.หนึ่งสองห้า อ.เมือง จ.ขอนแก่น', '0987654300'),
(14, 'โมเม้น', '536 ถ.เฮด ซ.บีน อ.เมือง จ.ขอนแก่น', '0987898765'),
(15, 'เบล', '4321/1 ถ.กู๊ด ซ.สี่สาม อ.เมือง จ.ขอนแก่น', '0987668904'),
(16, 'เอคุง', '1234', '123456');

-- --------------------------------------------------------

--
-- Table structure for table `finance`
--

CREATE TABLE `finance` (
  `day` date NOT NULL,
  `income` int(12) DEFAULT NULL
) ENGINE=InnoDB DEFAULT CHARSET=utf8;

--
-- Dumping data for table `finance`
--

INSERT INTO `finance` (`day`, `income`) VALUES
('2022-01-09', 2000),
('2022-01-10', 1250),
('2022-01-11', 960),
('2022-01-12', 1430),
('2022-01-13', 2000),
('2022-01-14', 1500),
('2022-02-13', 4300),
('2022-02-14', 1650),
('2022-02-16', 2540),
('2022-02-17', 1250),
('2022-02-18', 890),
('2022-03-12', 2100),
('2022-03-14', 1800),
('2022-03-15', 2000),
('2022-03-17', 1600),
('2022-03-19', 2100),
('2022-03-20', 1900),
('2022-04-01', 3100),
('2022-04-02', 990),
('2022-04-05', 1100),
('2022-04-06', 1000),
('2022-04-07', 850),
('2022-04-08', 2400),
('2022-04-10', 3000),
('2022-05-03', 2600),
('2022-05-04', 2400),
('2022-05-05', 2350),
('2022-05-15', 1800),
('2022-05-18', 2600),
('2022-05-21', 1000),
('2022-05-25', 3120),
('2022-06-19', 2750),
('2022-06-23', 1790),
('2022-06-24', 1895),
('2022-06-26', 2150),
('2022-06-27', 1050),
('2022-06-28', 1500),
('2022-06-29', 1249),
('2022-06-30', 1107),
('2022-07-01', 965),
('2022-07-02', 822),
('2022-07-03', 1200),
('2022-07-04', 2180),
('2022-07-05', 990),
('2022-07-06', 980),
('2022-08-21', 1200),
('2022-08-22', 600),
('2022-08-23', 1691),
('2022-08-24', 2275),
('2022-08-25', 2669),
('2022-08-26', 971),
('2022-08-27', 1032),
('2022-08-28', 2393),
('2022-09-10', 2442),
('2022-09-11', 1617),
('2022-09-12', 1321),
('2022-09-13', 1236),
('2022-09-14', 2076),
('2022-09-15', 3015),
('2022-09-16', 1871),
('2022-09-17', 2721),
('2022-10-08', 2310),
('2022-10-09', 1238),
('2022-10-10', 2647),
('2022-10-11', 2454),
('2022-10-12', 1736),
('2022-10-13', 3008),
('2022-10-14', 2151),
('2022-10-15', 1341),
('2022-10-21', 1326),
('2022-10-26', 2784),
('2022-11-01', 4364),
('2022-11-02', 4630),
('2022-11-03', 3940),
('2022-11-04', 5671),
('2022-11-05', 8773),
('2022-12-01', 6635),
('2022-12-02', 8848),
('2022-12-03', 4634),
('2022-12-04', 6173),
('2022-12-05', 5351),
('2022-12-06', 5874),
('2022-12-07', 3968),
('2023-01-04', 2500),
('2023-01-06', 5000),
('2023-01-07', 5000),
('2023-01-08', 5000),
('2023-01-20', 500);

-- --------------------------------------------------------

--
-- Table structure for table `fin_customer`
--

CREATE TABLE `fin_customer` (
  `fcst_NO` int(7) NOT NULL,
  `fcst_id` varchar(7) NOT NULL,
  `fcst_name` varchar(200) NOT NULL,
  `fcst_pd` int(5) NOT NULL,
  `fcst_owe` int(5) NOT NULL,
  `fcst_date` date NOT NULL,
  `note` varchar(200) DEFAULT NULL
) ENGINE=InnoDB DEFAULT CHARSET=utf8;

--
-- Dumping data for table `fin_customer`
--

INSERT INTO `fin_customer` (`fcst_NO`, `fcst_id`, `fcst_name`, `fcst_pd`, `fcst_owe`, `fcst_date`, `note`) VALUES
(1, 'CT-01', 'JOSHUA', 0, 400, '2022-01-09', ''),
(2, 'CT-01', 'JOSHUA', 400, 0, '2022-01-10', ''),
(3, 'CT-01', 'JOSHUA', 0, 100, '2022-01-11', ''),
(4, 'CT-02', 'ไข่ปิ้ง', 0, 550, '2022-01-11', ''),
(5, 'CT-01', 'JOSHUA', 100, 0, '2022-01-12', ''),
(6, 'CT-02', 'ไข่ปิ้ง', 550, 0, '2022-01-14', ''),
(7, 'CT-05', 'ไข่ดาว', 200, 0, '2022-01-31', 'ค่าน้ำแพ็ค'),
(8, 'CT-10', 'โมเสส', 0, 300, '2022-02-14', ''),
(9, 'CT-05', 'ไข่ดาว', 200, 0, '2022-02-17', ''),
(10, 'CT-10', 'โมเสส', 300, 0, '2022-02-18', ''),
(11, 'CT-12', 'โนบอดี้', 0, 690, '2022-02-20', ''),
(12, 'CT-12', 'โนบอดี้', 500, 0, '2022-04-02', ''),
(13, 'CT-13', 'ซี', 0, 300, '2022-04-07', ''),
(14, 'CT-14', 'โมเม้น', 0, 210, '2022-04-08', 'ค่าขนมช็อคโกแลต'),
(15, 'CT-13', 'ซี', 300, 0, '2022-05-03', ''),
(16, 'CT-14', 'โมเม้น', 210, 0, '2022-05-04', ''),
(17, 'CT-03', 'ไข่ต้ม', 0, 850, '2022-05-05', ''),
(18, 'CT-03', 'ไข่ต้ม', 450, 0, '2022-05-15', ''),
(19, 'CT-05', 'ไข่ดาว', 0, 100, '2022-05-21', ''),
(20, 'CT-06', 'อาดัม', 0, 355, '2022-06-19', ''),
(21, 'CT-07', 'เอวา', 0, 210, '2022-06-24', ''),
(22, 'CT-03', 'ไข่ต้ม', 0, 59, '2022-06-29', ''),
(23, 'CT-05', 'ไข่ดาว', 100, 0, '2022-07-01', ''),
(24, 'CT-13', 'ซี', 0, 70, '2022-07-05', ''),
(25, 'CT-07', 'เอวา', 110, 0, '2022-08-21', ''),
(26, 'CT-12', 'โนบอดี้', 0, 20, '2022-08-24', ''),
(27, 'CT-13', 'ซี', 70, 0, '2022-08-27', ''),
(28, 'CT-15', 'เบล', 0, 220, '2022-09-10', ''),
(29, 'CT-15', 'เบล', 120, 0, '2022-09-14', ''),
(30, 'CT-12', 'โนบอดี้', 20, 0, '2022-09-17', ''),
(31, 'CT-02', 'ไข่ปิ้ง', 0, 50, '2022-10-08', ''),
(32, 'CT-03', 'ไข่ต้ม', 59, 0, '2022-10-11', ''),
(33, 'CT-06', 'อาดัม', 300, 0, '2022-10-13', ''),
(34, 'CT-02', 'ไข่ปิ้ง', 50, 0, '2022-10-14', ''),
(35, 'CT-02', 'ไข่ปิ้ง', 0, 150, '2022-10-21', ''),
(36, 'CT-02', 'ไข่ปิ้ง', 150, 0, '2022-10-26', ''),
(37, 'CT-04', 'ไข่เจียว', 0, 150, '2022-11-02', 'ยืมเงิน'),
(38, 'CT-09', 'อับราฮัม', 0, 150, '2022-11-02', 'คืนวันที่ 4'),
(39, 'CT-09', 'อับราฮัม', 100, 0, '2022-11-04', ''),
(40, 'CT-04', 'ไข่เจียว', 150, 0, '2022-11-04', ''),
(41, 'CT-14', 'โมเม้น', 0, 800, '2022-12-01', ''),
(42, 'CT-14', 'โมเม้น', 400, 0, '2022-12-03', ''),
(43, 'CT-14', 'โมเม้น', 200, 0, '2022-12-05', ''),
(44, 'CT-16', 'เอคุง', 0, 250, '2023-01-04', ''),
(45, 'CT-02', 'ไข่ปิ้ง', 0, 300, '2023-01-04', ''),
(46, 'CT-01', 'JOSHUA', 0, 500, '2023-01-05', ''),
(47, 'CT-02', 'ไข่ปิ้ง', 0, 200, '2023-01-05', ''),
(48, 'CT-01', 'JOSHUA', 200, 0, '2023-01-06', ''),
(49, 'CT-02', 'ไข่ปิ้ง', 300, 0, '2023-01-06', ''),
(50, 'CT-16', 'เอคุง', 0, 250, '2023-01-06', ''),
(51, 'CT-15', 'เบล', 0, 200, '2023-01-06', ''),
(52, 'CT-06', 'อาดัม', 600, 0, '2023-01-06', ''),
(53, 'CT-02', 'ไข่ปิ้ง', 500, 0, '2023-01-06', ''),
(54, 'CT-09', 'อับราฮัม', 0, 600, '2023-01-06', ''),
(55, 'CT-10', 'โมเสส', 200, 0, '2023-01-06', ''),
(56, 'CT-09', 'อับราฮัม', 0, 200, '2023-01-07', ''),
(57, 'CT-10', 'โมเสส', 0, 200, '2023-01-07', ''),
(58, 'CT-04', 'ไข่เจียว', 100, 0, '2023-01-07', ''),
(59, 'CT-03', 'ไข่ต้ม', 0, 700, '2023-01-08', ''),
(60, 'CT-02', 'ไข่ปิ้ง', 0, 500, '2023-01-08', ''),
(61, 'CT-04', 'ไข่เจียว', 0, 500, '2023-01-08', ''),
(62, 'CT-05', 'ไข่ดาว', 0, 1000, '2023-01-04', ''),
(63, 'CT-06', 'อาดัม', 0, 500, '2023-01-02', ''),
(64, 'CT-06', 'อาดัม', 0, 150, '2023-01-10', '');

--
-- Indexes for dumped tables
--

--
-- Indexes for table `customer`
--
ALTER TABLE `customer`
  ADD PRIMARY KEY (`cst_id`);

--
-- Indexes for table `finance`
--
ALTER TABLE `finance`
  ADD PRIMARY KEY (`day`);

--
-- Indexes for table `fin_customer`
--
ALTER TABLE `fin_customer`
  ADD PRIMARY KEY (`fcst_NO`),
  ADD KEY `fin_customer` (`fcst_id`);

--
-- AUTO_INCREMENT for dumped tables
--

--
-- AUTO_INCREMENT for table `customer`
--
ALTER TABLE `customer`
  MODIFY `cst_id` int(7) NOT NULL AUTO_INCREMENT, AUTO_INCREMENT=17;
--
-- AUTO_INCREMENT for table `fin_customer`
--
ALTER TABLE `fin_customer`
  MODIFY `fcst_NO` int(7) NOT NULL AUTO_INCREMENT, AUTO_INCREMENT=65;
/*!40101 SET CHARACTER_SET_CLIENT=@OLD_CHARACTER_SET_CLIENT */;
/*!40101 SET CHARACTER_SET_RESULTS=@OLD_CHARACTER_SET_RESULTS */;
/*!40101 SET COLLATION_CONNECTION=@OLD_COLLATION_CONNECTION */;
